"Time","Current"
0.000,0.0093
0.005,0.0090
0.010,0.0105
0.015,0.0093
0.020,0.0096
0.025,0.0093
0.030,0.0102
0.035,0.0093
0.040,0.0090
0.045,0.0093
0.050,0.0099
0.055,0.0090
0.060,0.0093
0.065,0.0093
0.070,0.0096
0.075,0.0081
0.080,0.0087
0.085,0.0087
0.090,0.0093
0.095,0.0081
0.100,0.0084
0.105,0.0084
0.110,0.0090
0.115,0.0081
0.120,0.0081
0.125,0.0081
0.130,0.0090
0.135,0.0081
0.140,0.0084
0.145,0.0081
0.150,0.0096
0.155,0.0087
0.160,0.0087
0.165,0.0093
0.170,0.0105
0.175,0.0093
0.180,0.0096
0.185,0.0102
0.190,0.0117
0.195,0.0102
0.200,0.0102
0.205,0.0111
0.210,0.0117
0.215,0.0105
0.220,0.0111
0.225,0.0111
0.230,0.0123
0.235,0.0108
0.240,0.0117
0.245,0.0114
0.250,0.0120
0.255,0.0108
0.260,0.0111
0.265,0.0117
0.270,0.0129
0.275,0.0117
0.280,0.0111
0.285,0.0117
0.290,0.0129
0.295,0.0114
0.300,0.0111
0.305,0.0114
0.310,0.0135
0.315,0.0114
0.320,0.0111
0.325,0.0117
0.330,0.0129
0.335,0.0111
0.340,0.0111
0.345,0.0108
0.350,0.0123
0.355,0.0105
0.360,0.0102
0.365,0.0102
0.370,0.0126
0.375,0.0105
0.380,0.0108
0.385,0.0105
0.390,0.0120
0.395,0.0108
0.400,0.0111
0.405,0.0108
0.410,0.0123
0.415,0.0111
0.420,0.0108
0.425,0.0114
0.430,0.0126
0.435,0.0111
0.440,0.0111
0.445,0.0111
0.450,0.0129
0.455,0.0114
0.460,0.0117
0.465,0.0111
0.470,0.0135
0.475,0.0114
0.480,0.0117
0.485,0.0114
0.490,0.0138
0.495,0.0120
0.500,0.0123
0.505,0.0120
0.510,0.0144
0.515,0.0126
0.520,0.0129
0.525,0.0123
0.530,0.0144
0.535,0.0126
0.540,0.0126
0.545,0.0120
0.550,0.0144
0.555,0.0123
0.560,0.0123
0.565,0.0117
0.570,0.0144
0.575,0.0120
0.580,0.0120
0.585,0.0126
0.590,0.0144
0.595,0.0123
0.600,0.0126
0.605,0.0126
0.610,0.0144
0.615,0.0132
0.620,0.0129
0.625,0.0129
0.630,0.0147
0.635,0.0129
0.640,0.0129
0.645,0.0126
0.650,0.0144
0.655,0.0129
0.660,0.0126
0.665,0.0123
0.670,0.0144
0.675,0.0126
0.680,0.0126
0.685,0.0126
0.690,0.0144
0.695,0.0126
0.700,0.0123
0.705,0.0126
0.710,0.0138
0.715,0.0123
0.720,0.0120
0.725,0.0117
0.730,0.0138
0.735,0.0123
0.740,0.0120
0.745,0.0117
0.750,0.0135
0.755,0.0120
0.760,0.0120
0.765,0.0117
0.770,0.0132
0.775,0.0117
0.780,0.0117
0.785,0.0114
0.790,0.0135
0.795,0.0120
0.800,0.0114
0.805,0.0114
0.810,0.0132
0.815,0.0117
0.820,0.0120
0.825,0.0114
0.830,0.0138
0.835,0.0114
0.840,0.0114
0.845,0.0111
0.850,0.0129
0.855,0.0114
0.860,0.0114
0.865,0.0114
0.870,0.0135
0.875,0.0114
0.880,0.0117
0.885,0.0114
0.890,0.0135
0.895,0.0114
0.900,0.0114
0.905,0.0114
0.910,0.0129
0.915,0.0114
0.920,0.0117
0.925,0.0111
0.930,0.0135
0.935,0.0117
0.940,0.0117
0.945,0.0114
0.950,0.0135
0.955,0.0117
0.960,0.0117
0.965,0.0120
0.970,0.0132
0.975,0.0120
0.980,0.0123
0.985,0.0120
0.990,0.0135
0.995,0.0123
1.000,0.0120
1.005,0.0123
1.010,0.0135
1.015,0.0120
1.020,0.0126
1.025,0.0123
1.030,0.0126
1.035,0.0120
1.040,0.0123
1.045,0.0120
1.050,0.0126
1.055,0.0120
1.060,0.0120
1.065,0.0120
1.070,0.0123
1.075,0.0120
1.080,0.0120
1.085,0.0117
1.090,0.0120
1.095,0.0120
1.100,0.0120
1.105,0.0114
1.110,0.0123
1.115,0.0117
1.120,0.0114
1.125,0.0117
1.130,0.0117
1.135,0.0117
1.140,0.0120
1.145,0.0117
1.150,0.0123
1.155,0.0129
1.160,0.0126
1.165,0.0126
1.170,0.0126
1.175,0.0129
1.180,0.0129
1.185,0.0117
1.190,0.0126
1.195,0.0120
1.200,0.0123
1.205,0.0117
1.210,0.0120
1.215,0.0120
1.220,0.0123
1.225,0.0117
1.230,0.0126
1.235,0.0120
1.240,0.0120
1.245,0.0123
1.250,0.0126
1.255,0.0126
1.260,0.0126
1.265,0.0129
1.270,0.0135
1.275,0.0132
1.280,0.0138
1.285,0.0138
1.290,0.0147
1.295,0.0147
1.300,0.0147
1.305,0.0144
1.310,0.0147
1.315,0.0144
1.320,0.0141
1.325,0.0141
1.330,0.0147
1.335,0.0144
1.340,0.0150
1.345,0.0159
1.350,0.0165
1.355,0.0168
1.360,0.0162
1.365,0.0174
1.370,0.0168
1.375,0.0162
1.380,0.0159
1.385,0.0153
1.390,0.0153
1.395,0.0150
1.400,0.0159
1.405,0.0165
1.410,0.0174
1.415,0.0177
1.420,0.0183
1.425,0.0180
1.430,0.0183
1.435,0.0183
1.440,0.0177
1.445,0.0168
1.450,0.0162
1.455,0.0156
1.460,0.0150
1.465,0.0141
1.470,0.0144
1.475,0.0138
1.480,0.0138
1.485,0.0138
1.490,0.0144
1.495,0.0147
1.500,0.0159
1.505,0.0162
1.510,0.0174
1.515,0.0183
1.520,0.0189
1.525,0.0198
1.530,0.0211
1.535,0.0213
1.540,0.0216
1.545,0.0216
1.550,0.0216
1.555,0.0213
1.560,0.0211
1.565,0.0208
1.570,0.0204
1.575,0.0192
1.580,0.0186
1.585,0.0177
1.590,0.0174
1.595,0.0168
1.600,0.0162
1.605,0.0162
1.610,0.0168
1.615,0.0165
1.620,0.0171
1.625,0.0174
1.630,0.0186
1.635,0.0192
1.640,0.0204
1.645,0.0213
1.650,0.0229
1.655,0.0235
1.660,0.0235
1.665,0.0247
1.670,0.0256
1.675,0.0259
1.680,0.0250
1.685,0.0256
1.690,0.0259
1.695,0.0250
1.700,0.0247
1.705,0.0247
1.710,0.0241
1.715,0.0235
1.720,0.0232
1.725,0.0226
1.730,0.0226
1.735,0.0213
1.740,0.0211
1.745,0.0213
1.750,0.0216
1.755,0.0216
1.760,0.0220
1.765,0.0220
1.770,0.0229
1.775,0.0229
1.780,0.0235
1.785,0.0238
1.790,0.0247
1.795,0.0244
1.800,0.0241
1.805,0.0244
1.810,0.0253
1.815,0.0253
1.820,0.0253
1.825,0.0256
1.830,0.0259
1.835,0.0256
1.840,0.0256
1.845,0.0259
1.850,0.0268
1.855,0.0268
1.860,0.0274
1.865,0.0274
1.870,0.0283
1.875,0.0283
1.880,0.0286
1.885,0.0289
1.890,0.0301
1.895,0.0298
1.900,0.0298
1.905,0.0301
1.910,0.0310
1.915,0.0310
1.920,0.0310
1.925,0.0313
1.930,0.0322
1.935,0.0319
1.940,0.0319
1.945,0.0322
1.950,0.0331
1.955,0.0328
1.960,0.0322
1.965,0.0331
1.970,0.0334
1.975,0.0331
1.980,0.0331
1.985,0.0337
1.990,0.0343
1.995,0.0337
2.000,0.0334
2.005,0.0340
2.010,0.0352
2.015,0.0343
2.020,0.0346
2.025,0.0352
2.030,0.0358
2.035,0.0355
2.040,0.0355
2.045,0.0361
2.050,0.0370
2.055,0.0367
2.060,0.0364
2.065,0.0367
2.070,0.0382
2.075,0.0376
2.080,0.0382
2.085,0.0382
2.090,0.0400
2.095,0.0385
2.100,0.0391
2.105,0.0397
2.110,0.0406
2.115,0.0403
2.120,0.0403
2.125,0.0410
2.130,0.0422
2.135,0.0410
2.140,0.0410
2.145,0.0418
2.150,0.0428
2.155,0.0410
2.160,0.0410
2.165,0.0410
2.170,0.0422
2.175,0.0403
2.180,0.0400
2.185,0.0394
2.190,0.0406
2.195,0.0391
2.200,0.0385
2.205,0.0382
2.210,0.0394
2.215,0.0376
2.220,0.0373
2.225,0.0370
2.230,0.0382
2.235,0.0367
2.240,0.0358
2.245,0.0355
2.250,0.0367
2.255,0.0346
2.260,0.0343
2.265,0.0334
2.270,0.0352
2.275,0.0331
2.280,0.0322
2.285,0.0319
2.290,0.0325
2.295,0.0310
2.300,0.0304
2.305,0.0298
2.310,0.0310
2.315,0.0295
2.320,0.0289
2.325,0.0283
2.330,0.0295
2.335,0.0277
2.340,0.0274
2.345,0.0271
2.350,0.0280
2.355,0.0265
2.360,0.0265
2.365,0.0259
2.370,0.0271
2.375,0.0253
2.380,0.0256
2.385,0.0247
2.390,0.0259
2.395,0.0247
2.400,0.0247
2.405,0.0238
2.410,0.0253
2.415,0.0235
2.420,0.0235
2.425,0.0226
2.430,0.0244
2.435,0.0226
2.440,0.0216
2.445,0.0213
2.450,0.0226
2.455,0.0211
2.460,0.0211
2.465,0.0208
2.470,0.0216
2.475,0.0198
2.480,0.0192
2.485,0.0186
2.490,0.0201
2.495,0.0189
2.500,0.0183
2.505,0.0177
2.510,0.0192
2.515,0.0174
2.520,0.0162
2.525,0.0159
2.530,0.0174
2.535,0.0156
2.540,0.0150
2.545,0.0144
2.550,0.0162
2.555,0.0141
2.560,0.0141
2.565,0.0138
2.570,0.0150
2.575,0.0138
2.580,0.0138
2.585,0.0129
2.590,0.0141
2.595,0.0135
2.600,0.0135
2.605,0.0132
2.610,0.0150
2.615,0.0135
2.620,0.0129
2.625,0.0129
2.630,0.0144
2.635,0.0135
2.640,0.0138
2.645,0.0135
2.650,0.0150
2.655,0.0138
2.660,0.0144
2.665,0.0138
2.670,0.0162
2.675,0.0144
2.680,0.0150
2.685,0.0144
2.690,0.0162
2.695,0.0150
2.700,0.0144
2.705,0.0144
2.710,0.0159
2.715,0.0144
2.720,0.0147
2.725,0.0138
2.730,0.0156
2.735,0.0135
2.740,0.0138
2.745,0.0132
2.750,0.0141
2.755,0.0129
2.760,0.0126
2.765,0.0123
2.770,0.0135
2.775,0.0114
2.780,0.0114
2.785,0.0108
2.790,0.0117
2.795,0.0102
2.800,0.0093
2.805,0.0093
2.810,0.0105
2.815,0.0087
2.820,0.0084
2.825,0.0087
2.830,0.0096
2.835,0.0081
2.840,0.0081
2.845,0.0078
2.850,0.0090
2.855,0.0072
2.860,0.0069
2.865,0.0066
2.870,0.0081
2.875,0.0066
2.880,0.0066
2.885,0.0063
2.890,0.0072
2.895,0.0060
2.900,0.0057
2.905,0.0054
2.910,0.0069
2.915,0.0054
2.920,0.0054
2.925,0.0054
2.930,0.0063
2.935,0.0048
2.940,0.0048
2.945,0.0048
2.950,0.0060
2.955,0.0042
2.960,0.0042
2.965,0.0045
2.970,0.0054
2.975,0.0042
2.980,0.0039
2.985,0.0039
2.990,0.0054
2.995,0.0039
3.000,0.0039
3.005,0.0039
3.010,0.0054
3.015,0.0039
3.020,0.0042
3.025,0.0042
3.030,0.0054
3.035,0.0045
3.040,0.0045
3.045,0.0048
3.050,0.0063
3.055,0.0048
3.060,0.0048
3.065,0.0051
3.070,0.0066
3.075,0.0060
3.080,0.0057
3.085,0.0063
3.090,0.0081
3.095,0.0069
3.100,0.0072
3.105,0.0078
3.110,0.0102
3.115,0.0087
3.120,0.0093
3.125,0.0093
3.130,0.0114
3.135,0.0105
3.140,0.0114
3.145,0.0117
3.150,0.0132
3.155,0.0126
3.160,0.0129
3.165,0.0129
3.170,0.0150
3.175,0.0138
3.180,0.0141
3.185,0.0144
3.190,0.0162
3.195,0.0153
3.200,0.0156
3.205,0.0159
3.210,0.0177
3.215,0.0165
3.220,0.0165
3.225,0.0168
3.230,0.0186
3.235,0.0174
3.240,0.0177
3.245,0.0177
3.250,0.0189
3.255,0.0183
3.260,0.0177
3.265,0.0177
3.270,0.0192
3.275,0.0177
3.280,0.0177
3.285,0.0174
3.290,0.0186
3.295,0.0174
3.300,0.0174
3.305,0.0171
3.310,0.0180
3.315,0.0171
3.320,0.0165
3.325,0.0165
3.330,0.0177
3.335,0.0162
3.340,0.0162
3.345,0.0159
3.350,0.0165
3.355,0.0153
3.360,0.0147
3.365,0.0147
3.370,0.0159
3.375,0.0141
3.380,0.0141
3.385,0.0135
3.390,0.0150
3.395,0.0135
3.400,0.0129
3.405,0.0126
3.410,0.0138
3.415,0.0120
3.420,0.0120
3.425,0.0117
3.430,0.0126
3.435,0.0111
3.440,0.0114
3.445,0.0105
3.450,0.0120
3.455,0.0105
3.460,0.0102
3.465,0.0099
3.470,0.0108
3.475,0.0093
3.480,0.0090
3.485,0.0093
3.490,0.0096
3.495,0.0084
3.500,0.0087
3.505,0.0084
3.510,0.0093
3.515,0.0078
3.520,0.0075
3.525,0.0075
3.530,0.0090
3.535,0.0072
3.540,0.0069
3.545,0.0069
3.550,0.0081
3.555,0.0069
3.560,0.0069
3.565,0.0069
3.570,0.0081
3.575,0.0069
3.580,0.0072
3.585,0.0069
3.590,0.0084
3.595,0.0078
3.600,0.0078
3.605,0.0078
3.610,0.0090
3.615,0.0084
3.620,0.0084
3.625,0.0084
3.630,0.0102
3.635,0.0096
3.640,0.0096
3.645,0.0096
3.650,0.0111
3.655,0.0102
3.660,0.0105
3.665,0.0105
3.670,0.0117
3.675,0.0114
3.680,0.0117
3.685,0.0117
3.690,0.0129
3.695,0.0117
3.700,0.0117
3.705,0.0120
3.710,0.0129
3.715,0.0126
3.720,0.0126
3.725,0.0126
3.730,0.0141
3.735,0.0126
3.740,0.0132
3.745,0.0126
3.750,0.0138
3.755,0.0132
3.760,0.0129
3.765,0.0129
3.770,0.0138
3.775,0.0129
3.780,0.0129
3.785,0.0126
3.790,0.0135
3.795,0.0126
3.800,0.0123
3.805,0.0126
3.810,0.0135
3.815,0.0120
3.820,0.0117
3.825,0.0114
3.830,0.0120
3.835,0.0111
3.840,0.0102
3.845,0.0105
3.850,0.0120
3.855,0.0102
3.860,0.0096
3.865,0.0093
3.870,0.0111
3.875,0.0090
3.880,0.0090
3.885,0.0090
3.890,0.0099
3.895,0.0081
3.900,0.0078
3.905,0.0075
3.910,0.0096
3.915,0.0075
3.920,0.0075
3.925,0.0072
3.930,0.0087
3.935,0.0072
3.940,0.0072
3.945,0.0066
3.950,0.0087
3.955,0.0069
3.960,0.0066
3.965,0.0060
3.970,0.0072
3.975,0.0063
3.980,0.0063
3.985,0.0060
3.990,0.0069
3.995,0.0057
4.000,0.0057
4.005,0.0054
4.010,0.0066
4.015,0.0057
4.020,0.0057
4.025,0.0054
4.030,0.0069
4.035,0.0054
4.040,0.0054
4.045,0.0054
4.050,0.0069
4.055,0.0054
4.060,0.0054
4.065,0.0057
4.070,0.0072
4.075,0.0057
4.080,0.0057
4.085,0.0054
4.090,0.0072
4.095,0.0063
4.100,0.0057
4.105,0.0060
4.110,0.0081
4.115,0.0066
4.120,0.0066
4.125,0.0060
4.130,0.0081
4.135,0.0069
4.140,0.0075
4.145,0.0069
4.150,0.0087
4.155,0.0075
4.160,0.0075
4.165,0.0081
4.170,0.0096
4.175,0.0087
4.180,0.0084
4.185,0.0093
4.190,0.0111
4.195,0.0099
4.200,0.0102
4.205,0.0105
4.210,0.0126
4.215,0.0117
4.220,0.0123
4.225,0.0129
4.230,0.0153
4.235,0.0144
4.240,0.0150
4.245,0.0159
4.250,0.0180
4.255,0.0177
4.260,0.0186
4.265,0.0189
4.270,0.0213
4.275,0.0213
4.280,0.0223
4.285,0.0226
4.290,0.0253
4.295,0.0247
4.300,0.0256
4.305,0.0259
4.310,0.0283
4.315,0.0274
4.320,0.0280
4.325,0.0283
4.330,0.0298
4.335,0.0295
4.340,0.0298
4.345,0.0301
4.350,0.0322
4.355,0.0307
4.360,0.0307
4.365,0.0307
4.370,0.0322
4.375,0.0310
4.380,0.0310
4.385,0.0304
4.390,0.0319
4.395,0.0301
4.400,0.0298
4.405,0.0292
4.410,0.0298
4.415,0.0283
4.420,0.0274
4.425,0.0262
4.430,0.0268
4.435,0.0253
4.440,0.0247
4.445,0.0238
4.450,0.0244
4.455,0.0226
4.460,0.0216
4.465,0.0208
4.470,0.0216
4.475,0.0198
4.480,0.0189
4.485,0.0180
4.490,0.0189
4.495,0.0168
4.500,0.0162
4.505,0.0150
4.510,0.0162
4.515,0.0144
4.520,0.0138
4.525,0.0129
4.530,0.0141
4.535,0.0120
4.540,0.0117
4.545,0.0111
4.550,0.0126
4.555,0.0108
4.560,0.0105
4.565,0.0102
4.570,0.0114
4.575,0.0096
4.580,0.0096
4.585,0.0090
4.590,0.0108
4.595,0.0090
4.600,0.0090
4.605,0.0090
4.610,0.0099
4.615,0.0087
4.620,0.0087
4.625,0.0081
4.630,0.0093
4.635,0.0084
4.640,0.0081
4.645,0.0081
4.650,0.0093
4.655,0.0084
4.660,0.0081
4.665,0.0078
4.670,0.0090
4.675,0.0075
4.680,0.0075
4.685,0.0069
4.690,0.0087
4.695,0.0069
4.700,0.0069
4.705,0.0066
4.710,0.0081
4.715,0.0066
4.720,0.0066
4.725,0.0063
4.730,0.0078
4.735,0.0066
4.740,0.0066
4.745,0.0063
4.750,0.0075
4.755,0.0063
4.760,0.0063
4.765,0.0057
4.770,0.0075
4.775,0.0066
4.780,0.0066
4.785,0.0063
4.790,0.0078
4.795,0.0066
4.800,0.0063
4.805,0.0066
4.810,0.0078
4.815,0.0063
4.820,0.0066
4.825,0.0066
4.830,0.0084
4.835,0.0069
4.840,0.0066
4.845,0.0069
4.850,0.0081
4.855,0.0069
4.860,0.0072
4.865,0.0072
4.870,0.0087
4.875,0.0069
4.880,0.0066
4.885,0.0069
4.890,0.0081
4.895,0.0066
4.900,0.0066
4.905,0.0063
4.910,0.0078
4.915,0.0060
4.920,0.0060
4.925,0.0057
4.930,0.0069
4.935,0.0060
4.940,0.0057
4.945,0.0054
4.950,0.0069
4.955,0.0054
4.960,0.0057
4.965,0.0054
4.970,0.0066
4.975,0.0051
4.980,0.0054
4.985,0.0057
4.990,0.0066
4.995,0.0057
5.000,0.0060
5.005,0.0066
5.010,0.0087
5.015,0.0069
5.020,0.0078
5.025,0.0081
5.030,0.0102
5.035,0.0096
5.040,0.0102
5.045,0.0102
5.050,0.0126
5.055,0.0120
5.060,0.0126
5.065,0.0132
5.070,0.0150
5.075,0.0156
5.080,0.0159
5.085,0.0171
5.090,0.0186
5.095,0.0183
5.100,0.0198
5.105,0.0198
5.110,0.0220
5.115,0.0223
5.120,0.0232
5.125,0.0238
5.130,0.0256
5.135,0.0256
5.140,0.0259
5.145,0.0262
5.150,0.0283
5.155,0.0280
5.160,0.0283
5.165,0.0286
5.170,0.0307
5.175,0.0298
5.180,0.0304
5.185,0.0310
5.190,0.0322
5.195,0.0319
5.200,0.0328
5.205,0.0328
5.210,0.0346
5.215,0.0334
5.220,0.0337
5.225,0.0337
5.230,0.0346
5.235,0.0337
5.240,0.0337
5.245,0.0334
5.250,0.0343
5.255,0.0331
5.260,0.0328
5.265,0.0316
5.270,0.0325
5.275,0.0310
5.280,0.0304
5.285,0.0295
5.290,0.0307
5.295,0.0292
5.300,0.0289
5.305,0.0280
5.310,0.0295
5.315,0.0271
5.320,0.0265
5.325,0.0256
5.330,0.0265
5.335,0.0250
5.340,0.0241
5.345,0.0235
5.350,0.0247
5.355,0.0226
5.360,0.0223
5.365,0.0213
5.370,0.0216
5.375,0.0192
5.380,0.0192
5.385,0.0180
5.390,0.0189
5.395,0.0171
5.400,0.0162
5.405,0.0156
5.410,0.0162
5.415,0.0141
5.420,0.0132
5.425,0.0129
5.430,0.0138
5.435,0.0114
5.440,0.0108
5.445,0.0108
5.450,0.0117
5.455,0.0093
5.460,0.0090
5.465,0.0087
5.470,0.0099
5.475,0.0078
5.480,0.0075
5.485,0.0078
5.490,0.0087
5.495,0.0066
5.500,0.0060
5.505,0.0060
5.510,0.0072
5.515,0.0057
5.520,0.0054
5.525,0.0048
5.530,0.0060
5.535,0.0048
5.540,0.0042
5.545,0.0042
5.550,0.0051
5.555,0.0045
5.560,0.0039
5.565,0.0039
5.570,0.0045
5.575,0.0033
5.580,0.0030
5.585,0.0030
5.590,0.0045
5.595,0.0030
5.600,0.0024
5.605,0.0027
5.610,0.0039
5.615,0.0024
5.620,0.0021
5.625,0.0018
5.630,0.0039
5.635,0.0024
5.640,0.0021
5.645,0.0018
5.650,0.0036
5.655,0.0021
5.660,0.0018
5.665,0.0018
5.670,0.0033
5.675,0.0018
5.680,0.0018
5.685,0.0018
5.690,0.0030
5.695,0.0014
5.700,0.0018
5.705,0.0014
5.710,0.0030
5.715,0.0021
5.720,0.0021
5.725,0.0014
5.730,0.0030
5.735,0.0018
5.740,0.0021
5.745,0.0021
5.750,0.0036
5.755,0.0021
5.760,0.0021
5.765,0.0021
5.770,0.0033
5.775,0.0021
5.780,0.0021
5.785,0.0021
5.790,0.0036
5.795,0.0027
5.800,0.0024
5.805,0.0021
5.810,0.0039
5.815,0.0027
5.820,0.0024
5.825,0.0024
5.830,0.0042
5.835,0.0030
5.840,0.0030
5.845,0.0030
5.850,0.0042
5.855,0.0027
5.860,0.0030
5.865,0.0030
5.870,0.0045
5.875,0.0033
5.880,0.0033
5.885,0.0033
5.890,0.0042
5.895,0.0033
5.900,0.0036
5.905,0.0030
5.910,0.0048
5.915,0.0036
5.920,0.0033
5.925,0.0033
5.930,0.0045
5.935,0.0033
5.940,0.0036
5.945,0.0033
5.950,0.0048
5.955,0.0039
5.960,0.0036
5.965,0.0033
5.970,0.0054
5.975,0.0042
5.980,0.0039
5.985,0.0039
5.990,0.0048
5.995,0.0039
6.000,0.0042
6.005,0.0039
6.010,0.0054
6.015,0.0042
6.020,0.0039
6.025,0.0036
6.030,0.0054
6.035,0.0042
6.040,0.0042
6.045,0.0045
6.050,0.0057
6.055,0.0045
6.060,0.0039
6.065,0.0045
6.070,0.0054
6.075,0.0042
6.080,0.0045
6.085,0.0045
6.090,0.0057
6.095,0.0042
6.100,0.0039
6.105,0.0042
6.110,0.0057
6.115,0.0039
6.120,0.0042
6.125,0.0042
6.130,0.0057
6.135,0.0042
6.140,0.0039
6.145,0.0039
6.150,0.0054
6.155,0.0039
6.160,0.0039
6.165,0.0039
6.170,0.0048
6.175,0.0033
6.180,0.0039
6.185,0.0039
6.190,0.0045
6.195,0.0033
6.200,0.0033
6.205,0.0033
6.210,0.0048
6.215,0.0033
6.220,0.0033
6.225,0.0033
6.230,0.0045
6.235,0.0033
6.240,0.0030
6.245,0.0030
6.250,0.0042
6.255,0.0030
6.260,0.0030
6.265,0.0030
6.270,0.0036
6.275,0.0030
6.280,0.0030
6.285,0.0027
6.290,0.0039
6.295,0.0027
6.300,0.0027
6.305,0.0024
6.310,0.0036
6.315,0.0024
6.320,0.0024
6.325,0.0024
6.330,0.0039
6.335,0.0021
6.340,0.0021
6.345,0.0021
6.350,0.0039
6.355,0.0024
6.360,0.0024
6.365,0.0027
6.370,0.0039
6.375,0.0024
6.380,0.0024
6.385,0.0027
6.390,0.0042
6.395,0.0030
6.400,0.0030
6.405,0.0033
6.410,0.0048
6.415,0.0033
6.420,0.0039
6.425,0.0039
6.430,0.0054
6.435,0.0045
6.440,0.0045
6.445,0.0045
6.450,0.0060
6.455,0.0051
6.460,0.0054
6.465,0.0054
6.470,0.0069
6.475,0.0063
6.480,0.0060
6.485,0.0060
6.490,0.0081
6.495,0.0066
6.500,0.0075
6.505,0.0072
6.510,0.0090
6.515,0.0081
6.520,0.0084
6.525,0.0090
6.530,0.0102
6.535,0.0090
6.540,0.0093
6.545,0.0093
6.550,0.0108
6.555,0.0096
6.560,0.0096
6.565,0.0093
6.570,0.0114
6.575,0.0099
6.580,0.0099
6.585,0.0099
6.590,0.0111
6.595,0.0102
6.600,0.0099
6.605,0.0099
6.610,0.0114
6.615,0.0102
6.620,0.0102
6.625,0.0102
6.630,0.0120
6.635,0.0108
6.640,0.0111
6.645,0.0102
6.650,0.0120
6.655,0.0105
6.660,0.0099
6.665,0.0102
6.670,0.0111
6.675,0.0093
6.680,0.0090
6.685,0.0090
6.690,0.0096
6.695,0.0087
6.700,0.0081
6.705,0.0078
6.710,0.0084
6.715,0.0069
6.720,0.0066
6.725,0.0069
6.730,0.0078
6.735,0.0063
6.740,0.0060
6.745,0.0054
6.750,0.0066
6.755,0.0054
6.760,0.0048
6.765,0.0045
6.770,0.0060
6.775,0.0045
6.780,0.0042
6.785,0.0042
6.790,0.0057
6.795,0.0039
6.800,0.0033
6.805,0.0033
6.810,0.0048
6.815,0.0033
6.820,0.0033
6.825,0.0033
6.830,0.0048
6.835,0.0033
6.840,0.0033
6.845,0.0036
6.850,0.0048
6.855,0.0033
6.860,0.0033
6.865,0.0036
6.870,0.0048
6.875,0.0033
6.880,0.0033
6.885,0.0033
6.890,0.0045
6.895,0.0033
6.900,0.0030
6.905,0.0033
6.910,0.0048
6.915,0.0033
6.920,0.0033
6.925,0.0033
6.930,0.0048
6.935,0.0033
6.940,0.0033
6.945,0.0033
6.950,0.0045
6.955,0.0033
6.960,0.0027
6.965,0.0030
6.970,0.0048
6.975,0.0033
6.980,0.0030
6.985,0.0030
6.990,0.0045
6.995,0.0030
7.000,0.0024
7.005,0.0030
7.010,0.0042
7.015,0.0027
7.020,0.0024
7.025,0.0027
7.030,0.0039
7.035,0.0024
7.040,0.0024
7.045,0.0030
7.050,0.0042
7.055,0.0024
7.060,0.0024
7.065,0.0027
7.070,0.0039
7.075,0.0021
7.080,0.0024
7.085,0.0024
7.090,0.0039
7.095,0.0021
7.100,0.0021
7.105,0.0021
7.110,0.0036
7.115,0.0021
7.120,0.0018
7.125,0.0021
7.130,0.0033
7.135,0.0018
7.140,0.0018
7.145,0.0021
7.150,0.0033
7.155,0.0018
7.160,0.0018
7.165,0.0021
7.170,0.0030
7.175,0.0018
7.180,0.0018
7.185,0.0021
7.190,0.0039
7.195,0.0018
7.200,0.0018
7.205,0.0021
7.210,0.0033
7.215,0.0021
7.220,0.0018
7.225,0.0024
7.230,0.0033
7.235,0.0021
7.240,0.0021
7.245,0.0021
7.250,0.0039
7.255,0.0021
7.260,0.0018
7.265,0.0021
7.270,0.0039
7.275,0.0021
7.280,0.0018
7.285,0.0021
7.290,0.0036
7.295,0.0018
7.300,0.0014
7.305,0.0018
7.310,0.0033
7.315,0.0014
7.320,0.0014
7.325,0.0018
7.330,0.0033
7.335,0.0018
7.340,0.0014
7.345,0.0014
7.350,0.0030
7.355,0.0014
7.360,0.0009
7.365,0.0011
7.370,0.0024
7.375,0.0011
7.380,0.0014
7.385,0.0014
7.390,0.0027
7.395,0.0018
7.400,0.0014
7.405,0.0018
7.410,0.0027
7.415,0.0014
7.420,0.0011
7.425,0.0014
7.430,0.0033
7.435,0.0014
7.440,0.0009
7.445,0.0014
7.450,0.0027
7.455,0.0014
7.460,0.0014
7.465,0.0014
7.470,0.0024
7.475,0.0018
7.480,0.0014
7.485,0.0018
7.490,0.0024
7.495,0.0021
7.500,0.0018
7.505,0.0021
7.510,0.0030
7.515,0.0021
7.520,0.0024
7.525,0.0021
7.530,0.0033
7.535,0.0024
7.540,0.0024
7.545,0.0024
7.550,0.0039
7.555,0.0024
7.560,0.0024
7.565,0.0024
7.570,0.0039
7.575,0.0030
7.580,0.0030
7.585,0.0024
7.590,0.0033
7.595,0.0033
7.600,0.0033
7.605,0.0030
7.610,0.0045
7.615,0.0033
7.620,0.0036
7.625,0.0033
7.630,0.0039
7.635,0.0036
7.640,0.0036
7.645,0.0033
7.650,0.0036
7.655,0.0036
7.660,0.0036
7.665,0.0033
7.670,0.0042
7.675,0.0033
7.680,0.0033
7.685,0.0030
7.690,0.0030
7.695,0.0030
7.700,0.0027
7.705,0.0021
7.710,0.0024
7.715,0.0021
7.720,0.0024
7.725,0.0021
7.730,0.0027
7.735,0.0024
7.740,0.0027
7.745,0.0024
7.750,0.0024
7.755,0.0030
7.760,0.0033
7.765,0.0033
7.770,0.0033
7.775,0.0033
7.780,0.0033
7.785,0.0033
7.790,0.0042
7.795,0.0039
7.800,0.0042
7.805,0.0042
7.810,0.0042
7.815,0.0045
7.820,0.0048
7.825,0.0045
7.830,0.0048
7.835,0.0051
7.840,0.0054
7.845,0.0057
7.850,0.0063
7.855,0.0063
7.860,0.0066
7.865,0.0066
7.870,0.0069
7.875,0.0075
7.880,0.0078
7.885,0.0078
7.890,0.0081
7.895,0.0084
7.900,0.0090
7.905,0.0087
7.910,0.0093
7.915,0.0093
7.920,0.0096
7.925,0.0096
7.930,0.0102
7.935,0.0102
7.940,0.0102
7.945,0.0093
7.950,0.0102
7.955,0.0102
7.960,0.0105
7.965,0.0105
7.970,0.0108
7.975,0.0105
7.980,0.0105
7.985,0.0102
7.990,0.0105
7.995,0.0111
8.000,0.0105
8.005,0.0105
8.010,0.0102
8.015,0.0102
8.020,0.0102
8.025,0.0099
8.030,0.0102
8.035,0.0102
8.040,0.0096
8.045,0.0096
8.050,0.0093
8.055,0.0093
8.060,0.0096
8.065,0.0090
8.070,0.0090
8.075,0.0087
8.080,0.0087
8.085,0.0081
8.090,0.0084
8.095,0.0081
8.100,0.0078
8.105,0.0072
8.110,0.0069
8.115,0.0069
8.120,0.0066
8.125,0.0057
8.130,0.0054
8.135,0.0054
8.140,0.0048
8.145,0.0042
8.150,0.0042
8.155,0.0039
8.160,0.0033
8.165,0.0024
8.170,0.0033
8.175,0.0027
8.180,0.0024
8.185,0.0018
8.190,0.0018
8.195,0.0018
8.200,0.0014
8.205,0.0014
8.210,0.0018
8.215,0.0011
8.220,0.0018
8.225,0.0014
8.230,0.0014
8.235,0.0011
8.240,0.0018
8.245,0.0011
8.250,0.0014
8.255,0.0014
8.260,0.0018
8.265,0.0011
8.270,0.0018
8.275,0.0014
8.280,0.0011
8.285,0.0014
8.290,0.0018
8.295,0.0014
8.300,0.0018
8.305,0.0018
8.310,0.0018
8.315,0.0014
8.320,0.0018
8.325,0.0021
8.330,0.0014
8.335,0.0018
8.340,0.0021
8.345,0.0021
8.350,0.0024
8.355,0.0024
8.360,0.0027
8.365,0.0024
8.370,0.0030
8.375,0.0030
8.380,0.0027
8.385,0.0030
8.390,0.0033
8.395,0.0033
8.400,0.0030
8.405,0.0033
8.410,0.0033
8.415,0.0030
8.420,0.0033
8.425,0.0036
8.430,0.0036
8.435,0.0039
8.440,0.0039
8.445,0.0039
8.450,0.0039
8.455,0.0036
8.460,0.0039
8.465,0.0039
8.470,0.0039
8.475,0.0042
8.480,0.0039
8.485,0.0039
8.490,0.0039
8.495,0.0036
8.500,0.0036
8.505,0.0036
8.510,0.0030
8.515,0.0030
8.520,0.0027
8.525,0.0030
8.530,0.0024
8.535,0.0024
8.540,0.0021
8.545,0.0018
8.550,0.0018
8.555,0.0018
8.560,0.0014
8.565,0.0018
8.570,0.0014
8.575,0.0009
8.580,0.0006
8.585,0.0006
8.590,0.0006
8.595,0.0009
8.600,0.0006
8.605,0.0002
8.610,0.0006
8.615,0.0006
8.620,0.0006
8.625,0.0006
8.630,0.0006
8.635,0.0006
8.640,0.0006
8.645,0.0006
8.650,0.0006
8.655,0.0009
8.660,0.0009
8.665,0.0009
8.670,0.0006
8.675,0.0009
8.680,0.0011
8.685,0.0011
8.690,0.0014
8.695,0.0018
8.700,0.0018
8.705,0.0018
8.710,0.0021
8.715,0.0024
8.720,0.0021
8.725,0.0021
8.730,0.0024
8.735,0.0024
8.740,0.0030
8.745,0.0027
8.750,0.0030
8.755,0.0030
8.760,0.0030
8.765,0.0030
8.770,0.0024
8.775,0.0030
8.780,0.0033
8.785,0.0027
8.790,0.0027
8.795,0.0030
8.800,0.0027
8.805,0.0027
8.810,0.0030
8.815,0.0030
8.820,0.0024
8.825,0.0030
8.830,0.0024
8.835,0.0030
8.840,0.0030
8.845,0.0027
8.850,0.0027
8.855,0.0033
8.860,0.0030
8.865,0.0024
8.870,0.0030
8.875,0.0030
8.880,0.0030
8.885,0.0024
8.890,0.0024
8.895,0.0027
8.900,0.0027
8.905,0.0024
8.910,0.0024
8.915,0.0024
8.920,0.0024
8.925,0.0024
8.930,0.0021
8.935,0.0024
8.940,0.0024
8.945,0.0021
8.950,0.0024
8.955,0.0021
8.960,0.0024
8.965,0.0021
8.970,0.0021
8.975,0.0021
8.980,0.0021
8.985,0.0024
8.990,0.0024
8.995,0.0024
9.000,0.0024
9.005,0.0021
9.010,0.0024
9.015,0.0024
9.020,0.0027
9.025,0.0024
9.030,0.0033
9.035,0.0030
9.040,0.0030
9.045,0.0030
9.050,0.0042
9.055,0.0033
9.060,0.0039
9.065,0.0042
9.070,0.0042
9.075,0.0045
9.080,0.0048
9.085,0.0051
9.090,0.0051
9.095,0.0054
9.100,0.0054
9.105,0.0057
9.110,0.0057
9.115,0.0057
9.120,0.0060
9.125,0.0063
9.130,0.0063
9.135,0.0063
9.140,0.0066
9.145,0.0066
9.150,0.0066
9.155,0.0066
9.160,0.0066
9.165,0.0069
9.170,0.0069
9.175,0.0066
9.180,0.0066
9.185,0.0069
9.190,0.0066
9.195,0.0066
9.200,0.0066
9.205,0.0069
9.210,0.0069
9.215,0.0066
9.220,0.0066
9.225,0.0066
9.230,0.0066
9.235,0.0063
9.240,0.0057
9.245,0.0066
9.250,0.0066
9.255,0.0060
9.260,0.0054
9.265,0.0057
9.270,0.0057
9.275,0.0054
9.280,0.0048
9.285,0.0048
9.290,0.0048
9.295,0.0045
9.300,0.0042
9.305,0.0042
9.310,0.0039
9.315,0.0036
9.320,0.0030
9.325,0.0033
9.330,0.0033
9.335,0.0027
9.340,0.0021
9.345,0.0021
9.350,0.0021
9.355,0.0021
9.360,0.0018
9.365,0.0018
9.370,0.0018
9.375,0.0014
9.380,0.0014
9.385,0.0014
9.390,0.0011
9.395,0.0009
9.400,0.0009
9.405,0.0006
9.410,0.0006
9.415,0.0009
9.420,0.0006
9.425,0.0006
9.430,0.0009
9.435,0.0006
9.440,0.0006
9.445,0.0006
9.450,0.0006
9.455,0.0006
9.460,0.0002
9.465,0.0006
9.470,0.0006
9.475,0.0006
9.480,-0.0001
9.485,0.0006
9.490,0.0006
9.495,0.0009
9.500,0.0006
9.505,0.0006
9.510,-0.0001
9.515,0.0006
9.520,0.0006
9.525,0.0006
9.530,0.0006
9.535,0.0006
9.540,0.0006
9.545,0.0006
9.550,0.0006
9.555,0.0006
9.560,0.0006
9.565,0.0006
9.570,0.0006
9.575,0.0006
9.580,0.0006
9.585,0.0006
9.590,0.0006
9.595,0.0006
9.600,0.0006
9.605,0.0006
9.610,0.0002
9.615,0.0006
9.620,0.0002
9.625,0.0006
9.630,0.0006
9.635,0.0006
9.640,0.0006
9.645,0.0006
9.650,0.0006
9.655,0.0006
9.660,0.0009
9.665,0.0006
9.670,0.0009
9.675,0.0009
9.680,0.0006
9.685,0.0006
9.690,0.0011
9.695,0.0009
9.700,0.0011
9.705,0.0014
9.710,0.0011
9.715,0.0014
9.720,0.0018
9.725,0.0014
9.730,0.0018
9.735,0.0021
9.740,0.0021
9.745,0.0018
9.750,0.0021
9.755,0.0024
9.760,0.0024
9.765,0.0027
9.770,0.0027
9.775,0.0027
9.780,0.0033
9.785,0.0033
9.790,0.0033
9.795,0.0033
9.800,0.0033
9.805,0.0033
9.810,0.0033
9.815,0.0039
9.820,0.0039
9.825,0.0033
9.830,0.0036
9.835,0.0039
9.840,0.0033
9.845,0.0033
9.850,0.0033
9.855,0.0033
9.860,0.0033
9.865,0.0036
9.870,0.0036
9.875,0.0033
9.880,0.0033
9.885,0.0036
9.890,0.0036
9.895,0.0036
9.900,0.0033
9.905,0.0033
9.910,0.0033
9.915,0.0033
9.920,0.0033
9.925,0.0036
9.930,0.0033
9.935,0.0033
9.940,0.0036
9.945,0.0033
9.950,0.0033
9.955,0.0033
9.960,0.0030
9.965,0.0033
9.970,0.0033
9.975,0.0033
9.980,0.0030
9.985,0.0030
9.990,0.0030
9.995,0.0030
10.000,0.0027
10.005,0.0027
10.010,0.0027
10.015,0.0027
10.020,0.0024
10.025,0.0024
10.030,0.0024
10.035,0.0024
10.040,0.0021
10.045,0.0024
10.050,0.0021
10.055,0.0021
10.060,0.0021
10.065,0.0018
10.070,0.0018
10.075,0.0018
10.080,0.0014
10.085,0.0011
10.090,0.0018
10.095,0.0018
10.100,0.0011
10.105,0.0014
10.110,0.0014
10.115,0.0014
10.120,0.0014
10.125,0.0014
10.130,0.0011
10.135,0.0011
10.140,0.0011
10.145,0.0009
10.150,0.0011
10.155,0.0014
10.160,0.0009
10.165,0.0009
10.170,0.0011
10.175,0.0009
10.180,0.0009
10.185,0.0011
10.190,0.0009
10.195,0.0009
10.200,0.0006
10.205,0.0009
10.210,0.0006
10.215,0.0006
10.220,0.0006
10.225,0.0006
10.230,0.0006
10.235,0.0011
10.240,0.0009
10.245,0.0006
10.250,0.0006
10.255,0.0009
10.260,0.0006
10.265,0.0006
10.270,0.0006
10.275,0.0009
10.280,0.0006
10.285,0.0006
10.290,0.0006
10.295,0.0006
10.300,0.0006
10.305,0.0006
10.310,0.0006
10.315,0.0009
10.320,0.0006
10.325,0.0006
10.330,0.0006
10.335,0.0011
10.340,0.0006
10.345,0.0009
10.350,0.0009
10.355,0.0011
10.360,0.0009
10.365,0.0009
10.370,0.0011
10.375,0.0011
10.380,0.0006
10.385,0.0009
10.390,0.0009
10.395,0.0009
10.400,0.0009
10.405,0.0011
10.410,0.0009
10.415,0.0014
10.420,0.0011
10.425,0.0011
10.430,0.0009
10.435,0.0014
10.440,0.0014
10.445,0.0011
10.450,0.0014
10.455,0.0018
10.460,0.0009
10.465,0.0018
10.470,0.0018
10.475,0.0018
10.480,0.0018
10.485,0.0014
10.490,0.0018
10.495,0.0018
10.500,0.0018
10.505,0.0018
10.510,0.0018
10.515,0.0018
10.520,0.0014
10.525,0.0014
10.530,0.0018
10.535,0.0018
10.540,0.0014
10.545,0.0014
10.550,0.0018
10.555,0.0018
10.560,0.0018
10.565,0.0018
10.570,0.0014
10.575,0.0018
10.580,0.0018
10.585,0.0014
10.590,0.0014
10.595,0.0018
10.600,0.0014
10.605,0.0018
10.610,0.0014
10.615,0.0018
10.620,0.0018
10.625,0.0014
10.630,0.0014
10.635,0.0018
10.640,0.0011
10.645,0.0018
10.650,0.0018
10.655,0.0014
10.660,0.0014
10.665,0.0009
10.670,0.0009
10.675,0.0014
10.680,0.0009
10.685,0.0014
10.690,0.0011
10.695,0.0014
10.700,0.0014
10.705,0.0018
10.710,0.0011
10.715,0.0018
10.720,0.0018
10.725,0.0018
10.730,0.0018
10.735,0.0014
10.740,0.0014
10.745,0.0011
10.750,0.0014
10.755,0.0014
10.760,0.0009
10.765,0.0011
10.770,0.0009
10.775,0.0018
10.780,0.0009
10.785,0.0006
10.790,0.0009
10.795,0.0011
10.800,0.0009
10.805,0.0006
10.810,0.0006
10.815,0.0009
10.820,0.0006
10.825,0.0002
10.830,0.0006
10.835,0.0006
10.840,0.0009
10.845,0.0009
10.850,0.0006
10.855,0.0009
10.860,0.0006
10.865,0.0006
10.870,0.0006
10.875,0.0009
10.880,0.0002
10.885,0.0006
10.890,0.0006
10.895,0.0011
10.900,0.0006
10.905,0.0009
10.910,0.0009
10.915,0.0014
10.920,0.0006
10.925,0.0009
10.930,0.0009
10.935,0.0009
10.940,0.0006
10.945,0.0009
10.950,0.0006
10.955,0.0018
10.960,0.0009
10.965,0.0009
10.970,0.0014
10.975,0.0014
10.980,0.0009
10.985,0.0011
10.990,0.0011
10.995,0.0021
11.000,0.0018
11.005,0.0018
11.010,0.0014
11.015,0.0024
11.020,0.0018
11.025,0.0018
11.030,0.0021
11.035,0.0024
11.040,0.0021
11.045,0.0021
11.050,0.0021
11.055,0.0030
11.060,0.0018
11.065,0.0021
11.070,0.0021
11.075,0.0030
11.080,0.0021
11.085,0.0018
11.090,0.0018
11.095,0.0024
11.100,0.0018
11.105,0.0021
11.110,0.0018
11.115,0.0024
11.120,0.0021
11.125,0.0021
11.130,0.0018
11.135,0.0027
11.140,0.0021
11.145,0.0021
11.150,0.0021
11.155,0.0024
11.160,0.0021
11.165,0.0021
11.170,0.0021
11.175,0.0024
11.180,0.0021
11.185,0.0021
11.190,0.0021
11.195,0.0024
11.200,0.0021
11.205,0.0021
11.210,0.0021
11.215,0.0024
11.220,0.0018
11.225,0.0018
11.230,0.0018
11.235,0.0021
11.240,0.0021
11.245,0.0018
11.250,0.0018
11.255,0.0021
11.260,0.0021
11.265,0.0018
11.270,0.0014
11.275,0.0024
11.280,0.0014
11.285,0.0018
11.290,0.0021
11.295,0.0024
11.300,0.0018
11.305,0.0018
11.310,0.0014
11.315,0.0021
11.320,0.0018
11.325,0.0014
11.330,0.0018
11.335,0.0021
11.340,0.0014
11.345,0.0014
11.350,0.0018
11.355,0.0018
11.360,0.0009
11.365,0.0014
11.370,0.0011
11.375,0.0018
11.380,0.0014
11.385,0.0014
11.390,0.0011
11.395,0.0021
11.400,0.0014
11.405,0.0014
11.410,0.0014
11.415,0.0018
11.420,0.0014
11.425,0.0021
11.430,0.0014
11.435,0.0021
11.440,0.0014
11.445,0.0011
11.450,0.0014
11.455,0.0021
11.460,0.0011
11.465,0.0014
11.470,0.0014
11.475,0.0018
11.480,0.0014
11.485,0.0009
11.490,0.0009
11.495,0.0014
11.500,0.0011
11.505,0.0011
11.510,0.0009
11.515,0.0018
11.520,0.0011
11.525,0.0009
11.530,0.0009
11.535,0.0014
11.540,0.0009
11.545,0.0009
11.550,0.0009
11.555,0.0014
11.560,0.0009
11.565,0.0009
11.570,0.0006
11.575,0.0014
11.580,0.0006
11.585,0.0009
11.590,0.0009
11.595,0.0014
11.600,0.0009
11.605,0.0006
11.610,0.0009
11.615,0.0009
11.620,0.0006
11.625,0.0006
11.630,0.0006
11.635,0.0009
11.640,0.0006
11.645,0.0006
11.650,0.0006
11.655,0.0009
11.660,0.0006
11.665,0.0006
11.670,0.0006
11.675,0.0009
11.680,0.0011
11.685,0.0009
11.690,0.0009
11.695,0.0014
11.700,0.0011
11.705,0.0009
11.710,0.0006
11.715,0.0011
11.720,0.0009
11.725,0.0006
11.730,0.0006
11.735,0.0011
11.740,0.0006
11.745,0.0006
11.750,0.0006
11.755,0.0009
11.760,0.0006
11.765,0.0006
11.770,0.0006
11.775,0.0006
11.780,0.0006
11.785,0.0006
11.790,0.0006
11.795,0.0009
11.800,0.0006
11.805,0.0009
11.810,0.0006
11.815,0.0009
11.820,0.0006
11.825,0.0009
11.830,0.0006
11.835,0.0011
11.840,0.0009
11.845,0.0006
11.850,0.0006
11.855,0.0011
11.860,0.0002
11.865,0.0002
11.870,0.0006
11.875,0.0009
11.880,0.0006
11.885,0.0002
11.890,-0.0001
11.895,0.0009
11.900,0.0006
11.905,-0.0001
11.910,0.0002
11.915,0.0009
11.920,0.0006
11.925,0.0006
11.930,0.0002
11.935,0.0009
11.940,0.0006
11.945,0.0006
11.950,0.0006
11.955,0.0009
11.960,0.0009
11.965,0.0006
